<?xml version = '1.0' encoding = 'UTF-8'?>
<Table class="oracle.dbtools.crest.model.design.relational.Table" directorySegmentName="seg_0" id="337C69B0-96F6-F618-1356-DF8297F3BE79" name="DOMICILIO">
<createdBy>Carlos</createdBy>
<createdTime>2024-09-15 18:00:17 UTC</createdTime>
<generatorID>7F52BBE1-98C7-FDF3-67D8-211606FD6F0A</generatorID>
<ownerDesignName>Serv_Automotriz</ownerDesignName>
<allowColumnReorder>false</allowColumnReorder>
<existDependencyGenerateInDDl>true</existDependencyGenerateInDDl>
<parsed>true</parsed>
<columns itemClass="oracle.dbtools.crest.model.design.relational.Column">
<Column name="id_domicilio" id="89DBC47E-7831-7814-933C-73CB80B5054B">
<createdBy>Carlos</createdBy>
<createdTime>2024-09-15 18:00:17 UTC</createdTime>
<generatorID>2C122DB8-7DE9-141A-6A95-F77894E2FE9E</generatorID>
<ownerDesignName>Serv_Automotriz</ownerDesignName>
<useDomainConstraints>false</useDomainConstraints>
<use>1</use>
<logicalDatatype>LOGDT011</logicalDatatype>
<ownDataTypeParameters>,,</ownDataTypeParameters>
<autoIncrementCycle>false</autoIncrementCycle>
</Column>
<Column name="direccion" id="3F31BE50-8A8A-3653-C241-E30608E57DD9">
<createdBy>Carlos</createdBy>
<createdTime>2024-09-15 18:00:17 UTC</createdTime>
<generatorID>40616846-4270-9F68-B212-BAC57ED58308</generatorID>
<ownerDesignName>Serv_Automotriz</ownerDesignName>
<useDomainConstraints>false</useDomainConstraints>
<use>1</use>
<logicalDatatype>LOGDT024</logicalDatatype>
<dataTypeSize>30</dataTypeSize>
<ownDataTypeParameters>30,,</ownDataTypeParameters>
<autoIncrementCycle>false</autoIncrementCycle>
</Column>
<Column name="comuna" id="D66794A5-6678-46E9-E065-AB548C409C8B">
<createdBy>Carlos</createdBy>
<createdTime>2024-09-15 18:00:17 UTC</createdTime>
<generatorID>E8CFDC9F-1F69-A81F-68A6-A0841CE19204</generatorID>
<ownerDesignName>Serv_Automotriz</ownerDesignName>
<useDomainConstraints>false</useDomainConstraints>
<use>1</use>
<logicalDatatype>LOGDT024</logicalDatatype>
<dataTypeSize>20</dataTypeSize>
<ownDataTypeParameters>20,,</ownDataTypeParameters>
<autoIncrementCycle>false</autoIncrementCycle>
</Column>
<Column name="CLIENTE_rut" id="20198415-174E-FA37-B147-1C2E6B9BE750">
<createdBy>Carlos</createdBy>
<createdTime>2024-09-15 18:00:17 UTC</createdTime>
<generatorID>48806F15-3459-701D-023D-E80207EA43CA</generatorID>
<ownerDesignName>Serv_Automotriz</ownerDesignName>
<useDomainConstraints>false</useDomainConstraints>
<use>1</use>
<logicalDatatype>LOGDT011</logicalDatatype>
<ownDataTypeParameters>,,</ownDataTypeParameters>
<previousColumn>false</previousColumn>
<autoIncrementCycle>false</autoIncrementCycle>
<associations>
<colAssociation fkAssociation="81074386-172E-9317-1CF2-AEE9BA5F4E06" referredColumn="AA87C4A3-CFFC-68FE-CAC9-880ACDBABDB5"/>
</associations>
</Column>
<Column name="rut" id="7722D5E7-D2D8-A129-15A4-B98BC4261C99">
<createdBy>Carlos</createdBy>
<createdTime>2024-09-15 18:06:39 UTC</createdTime>
<generatorID>C3744EEC-43A8-F236-256C-43D87F8BF7E3</generatorID>
<ownerDesignName>Serv_Automotriz</ownerDesignName>
<useDomainConstraints>false</useDomainConstraints>
<use>1</use>
<logicalDatatype>LOGDT011</logicalDatatype>
<ownDataTypeParameters>,,</ownDataTypeParameters>
<autoIncrementCycle>false</autoIncrementCycle>
<associations>
<colAssociation fkAssociation="301AD1F5-A183-B0B9-8B8F-328D52207030" referredColumn="AA87C4A3-CFFC-68FE-CAC9-880ACDBABDB5"/>
</associations>
</Column>
</columns>
<indexes itemClass="oracle.dbtools.crest.model.design.relational.Index">
<ind_PK_UK id="11D8359C-F8D1-0F61-EF12-D4A1895B804D" name="DOMICILIO_PKv1">
<createdBy>Carlos</createdBy>
<createdTime>2024-09-15 18:06:39 UTC</createdTime>
<generatorID>A1AAA21D-34BB-01AB-341B-B44EAD92A431</generatorID>
<ownerDesignName>Serv_Automotriz</ownerDesignName>
<pk>true</pk>
<indexState>Primary Constraint</indexState>
<isSurrogateKey>false</isSurrogateKey>
<indexColumnUsage>
<colUsage columnID="7722D5E7-D2D8-A129-15A4-B98BC4261C99"/>
</indexColumnUsage>
</ind_PK_UK>
<ind_PK_UK id="C80ECAB1-1211-1961-4872-7E736BDC76BF" name="DOMICILIO_PK">
<createdBy>Carlos</createdBy>
<createdTime>2024-09-15 18:00:17 UTC</createdTime>
<generatorID>3901DE4D-68A6-BD25-C94D-77093928EE1F</generatorID>
<ownerDesignName>Serv_Automotriz</ownerDesignName>
<indexState>Unique Constraint</indexState>
<isSurrogateKey>false</isSurrogateKey>
<indexColumnUsage>
<colUsage columnID="89DBC47E-7831-7814-933C-73CB80B5054B"/>
</indexColumnUsage>
</ind_PK_UK>
<ind_PK_UK id="1CC3EA44-68BD-58A3-F8E0-C7EBA1A15D58" name="DOMICILIO_CLIENTE_FK">
<createdBy>Carlos</createdBy>
<createdTime>2024-09-15 18:00:17 UTC</createdTime>
<generatorID>120CEE80-D147-253C-2C8D-59F830129E8A</generatorID>
<ownerDesignName>Serv_Automotriz</ownerDesignName>
<indexState>Foreign Key</indexState>
<isSurrogateKey>false</isSurrogateKey>
<indexColumnUsage>
<colUsage columnID="20198415-174E-FA37-B147-1C2E6B9BE750"/>
</indexColumnUsage>
</ind_PK_UK>
<ind_PK_UK id="F29B3314-CCB8-FC7F-2ADB-800045976441" name="DOMICILIO_CLIENTE_FKv2">
<createdBy>Carlos</createdBy>
<createdTime>2024-09-15 18:06:39 UTC</createdTime>
<generatorID>9D0BA5FD-4272-DE3C-858A-BDDCBA8C8FDC</generatorID>
<ownerDesignName>Serv_Automotriz</ownerDesignName>
<indexState>Foreign Key</indexState>
<isSurrogateKey>false</isSurrogateKey>
<indexColumnUsage>
<colUsage columnID="7722D5E7-D2D8-A129-15A4-B98BC4261C99"/>
</indexColumnUsage>
</ind_PK_UK>
</indexes>
</Table>