<?xml version = '1.0' encoding = 'UTF-8'?>
<Table class="oracle.dbtools.crest.model.design.relational.Table" directorySegmentName="seg_0" id="55926B51-66D7-0220-8B5A-8D8D0F706511" name="RESPUESTO">
<createdBy>Carlos</createdBy>
<createdTime>2024-09-02 20:50:24 UTC</createdTime>
<generatorID>3368772F-6F5C-9E7A-EE0B-3A43EC3E761C</generatorID>
<ownerDesignName>Serv_Automotriz</ownerDesignName>
<allowColumnReorder>false</allowColumnReorder>
<existDependencyGenerateInDDl>true</existDependencyGenerateInDDl>
<parsed>true</parsed>
<columns itemClass="oracle.dbtools.crest.model.design.relational.Column">
<Column name="id_repuesto" id="37CF4A0C-3B90-88E3-B302-EA137A2FA47E">
<createdBy>Carlos</createdBy>
<createdTime>2024-09-02 20:50:24 UTC</createdTime>
<generatorID>4CC2E51B-7F73-3305-07DF-187FF73D417E</generatorID>
<ownerDesignName>Serv_Automotriz</ownerDesignName>
<useDomainConstraints>false</useDomainConstraints>
<use>1</use>
<logicalDatatype>LOGDT011</logicalDatatype>
<ownDataTypeParameters>,,</ownDataTypeParameters>
<autoIncrementCycle>false</autoIncrementCycle>
</Column>
<Column name="descripcion" id="903238CE-C8D0-4803-21DD-86ADED7FC8DA">
<createdBy>Carlos</createdBy>
<createdTime>2024-09-02 20:50:24 UTC</createdTime>
<generatorID>8BAF7951-26A2-65CB-35E9-0E678FA408B7</generatorID>
<ownerDesignName>Serv_Automotriz</ownerDesignName>
<nullsAllowed>true</nullsAllowed>
<useDomainConstraints>false</useDomainConstraints>
<use>1</use>
<logicalDatatype>LOGDT024</logicalDatatype>
<dataTypeSize>30</dataTypeSize>
<ownDataTypeParameters>30,,</ownDataTypeParameters>
<autoIncrementCycle>false</autoIncrementCycle>
</Column>
<Column name="costo" id="40E9D91A-6CBD-DF2C-1490-CF4AF4391BA9">
<createdBy>Carlos</createdBy>
<createdTime>2024-09-02 20:50:24 UTC</createdTime>
<generatorID>39E5C4BA-2513-952F-A16E-4E041E5F8826</generatorID>
<ownerDesignName>Serv_Automotriz</ownerDesignName>
<nullsAllowed>true</nullsAllowed>
<useDomainConstraints>false</useDomainConstraints>
<use>1</use>
<logicalDatatype>LOGDT011</logicalDatatype>
<ownDataTypeParameters>,,</ownDataTypeParameters>
<autoIncrementCycle>false</autoIncrementCycle>
</Column>
<Column name="SERVICIO_id_servicio" id="A6A4D05E-A58F-30E4-2F74-D6F564A8C190">
<createdBy>Carlos</createdBy>
<createdTime>2024-09-02 20:50:24 UTC</createdTime>
<generatorID>6369414A-30C0-6818-9230-7CFAACFE2E5C</generatorID>
<ownerDesignName>Serv_Automotriz</ownerDesignName>
<useDomainConstraints>false</useDomainConstraints>
<use>1</use>
<logicalDatatype>LOGDT011</logicalDatatype>
<ownDataTypeParameters>,,</ownDataTypeParameters>
<previousColumn>false</previousColumn>
<autoIncrementCycle>false</autoIncrementCycle>
<associations>
<colAssociation fkAssociation="54736CD4-3138-85F2-E6B2-08CB70D56EED" referredColumn="33DC64FE-37C9-E640-E5E0-38976E0499B9"/>
</associations>
</Column>
</columns>
<indexes itemClass="oracle.dbtools.crest.model.design.relational.Index">
<ind_PK_UK id="33499696-06DC-6D26-6CFB-20447C252449" name="RESPUESTO_PK">
<createdBy>Carlos</createdBy>
<createdTime>2024-09-02 20:50:24 UTC</createdTime>
<generatorID>ECDF72AF-063A-1E62-F2ED-33066293F121</generatorID>
<ownerDesignName>Serv_Automotriz</ownerDesignName>
<pk>true</pk>
<indexState>Primary Constraint</indexState>
<isSurrogateKey>false</isSurrogateKey>
<indexColumnUsage>
<colUsage columnID="37CF4A0C-3B90-88E3-B302-EA137A2FA47E"/>
</indexColumnUsage>
</ind_PK_UK>
<ind_PK_UK id="035FFD9D-4219-50BE-0879-872EFF8D4ACF" name="RESPUESTO_SERVICIO_FK">
<createdBy>Carlos</createdBy>
<createdTime>2024-09-02 20:50:24 UTC</createdTime>
<generatorID>363200B8-A11A-6FC7-EF62-0E586846CF9F</generatorID>
<ownerDesignName>Serv_Automotriz</ownerDesignName>
<indexState>Foreign Key</indexState>
<isSurrogateKey>false</isSurrogateKey>
<indexColumnUsage>
<colUsage columnID="A6A4D05E-A58F-30E4-2F74-D6F564A8C190"/>
</indexColumnUsage>
</ind_PK_UK>
</indexes>
</Table>