<?xml version = '1.0' encoding = 'UTF-8'?>
<Table class="oracle.dbtools.crest.model.design.relational.Table" directorySegmentName="seg_0" id="D8C791A1-458B-DDD6-45A6-68868C50BCA3" name="SERVICIO">
<createdBy>Carlos</createdBy>
<createdTime>2024-09-02 20:50:24 UTC</createdTime>
<generatorID>E097596F-4712-F52D-4AF3-EAE2417BA189</generatorID>
<ownerDesignName>Serv_Automotriz</ownerDesignName>
<allowColumnReorder>false</allowColumnReorder>
<existDependencyGenerateInDDl>true</existDependencyGenerateInDDl>
<parsed>true</parsed>
<columns itemClass="oracle.dbtools.crest.model.design.relational.Column">
<Column name="id_servicio" id="33DC64FE-37C9-E640-E5E0-38976E0499B9">
<createdBy>Carlos</createdBy>
<createdTime>2024-09-02 20:50:24 UTC</createdTime>
<generatorID>8FED2588-D2A9-3B2F-680C-35DB965D40DC</generatorID>
<ownerDesignName>Serv_Automotriz</ownerDesignName>
<useDomainConstraints>false</useDomainConstraints>
<use>1</use>
<logicalDatatype>LOGDT011</logicalDatatype>
<ownDataTypeParameters>,,</ownDataTypeParameters>
<autoIncrementCycle>false</autoIncrementCycle>
</Column>
<Column name="tipo_servicio" id="34D7A6A8-9876-DF8B-53B6-D8BAF8B743C4">
<createdBy>Carlos</createdBy>
<createdTime>2024-09-02 20:50:24 UTC</createdTime>
<generatorID>01D0EAA6-D35E-B609-7E16-DEEA44DC6FC2</generatorID>
<ownerDesignName>Serv_Automotriz</ownerDesignName>
<useDomainConstraints>false</useDomainConstraints>
<use>1</use>
<logicalDatatype>LOGDT024</logicalDatatype>
<dataTypeSize>12</dataTypeSize>
<ownDataTypeParameters>12,,</ownDataTypeParameters>
<autoIncrementCycle>false</autoIncrementCycle>
</Column>
<Column name="descripcion" id="FBA56561-C54A-E7F3-C7AA-E86B8402161B">
<createdBy>Carlos</createdBy>
<createdTime>2024-09-02 20:50:24 UTC</createdTime>
<generatorID>342EA1D8-7EEF-9956-995D-74E15391C3C0</generatorID>
<ownerDesignName>Serv_Automotriz</ownerDesignName>
<nullsAllowed>true</nullsAllowed>
<useDomainConstraints>false</useDomainConstraints>
<use>1</use>
<logicalDatatype>LOGDT024</logicalDatatype>
<dataTypeSize>30</dataTypeSize>
<ownDataTypeParameters>30,,</ownDataTypeParameters>
<autoIncrementCycle>false</autoIncrementCycle>
</Column>
<Column name="costo" id="87410E74-F915-48C2-B482-9E8202299440">
<createdBy>Carlos</createdBy>
<createdTime>2024-09-02 20:50:24 UTC</createdTime>
<generatorID>0532F8C0-1CD0-6F34-D3D1-0DC44ADD244E</generatorID>
<ownerDesignName>Serv_Automotriz</ownerDesignName>
<nullsAllowed>true</nullsAllowed>
<useDomainConstraints>false</useDomainConstraints>
<use>1</use>
<logicalDatatype>LOGDT011</logicalDatatype>
<ownDataTypeParameters>,,</ownDataTypeParameters>
<autoIncrementCycle>false</autoIncrementCycle>
</Column>
<Column name="ORDEN_DE_ATENCION_id_orden" id="371032BF-D678-4FDE-4A79-7D0674957DAE">
<createdBy>Carlos</createdBy>
<createdTime>2024-09-02 20:50:24 UTC</createdTime>
<generatorID>3EAF631C-BD3E-15F4-463A-0118C3B2F56C</generatorID>
<ownerDesignName>Serv_Automotriz</ownerDesignName>
<useDomainConstraints>false</useDomainConstraints>
<use>1</use>
<logicalDatatype>LOGDT011</logicalDatatype>
<ownDataTypeParameters>,,</ownDataTypeParameters>
<previousColumn>false</previousColumn>
<autoIncrementCycle>false</autoIncrementCycle>
<associations>
<colAssociation fkAssociation="2CFC51CC-FE87-7239-ED5F-9FD6906C7DBE" referredColumn="2FB4738E-F79D-AA7C-9A85-B0495AB4F752"/>
</associations>
</Column>
</columns>
<indexes itemClass="oracle.dbtools.crest.model.design.relational.Index">
<ind_PK_UK id="648011C5-3AFE-0806-BC3E-B7FC5D8357C8" name="SERVICIO_PK">
<createdBy>Carlos</createdBy>
<createdTime>2024-09-02 20:50:24 UTC</createdTime>
<generatorID>F8B6F6AA-5B5B-DE0B-145B-6D6DC446DDCD</generatorID>
<ownerDesignName>Serv_Automotriz</ownerDesignName>
<pk>true</pk>
<indexState>Primary Constraint</indexState>
<isSurrogateKey>false</isSurrogateKey>
<indexColumnUsage>
<colUsage columnID="33DC64FE-37C9-E640-E5E0-38976E0499B9"/>
</indexColumnUsage>
</ind_PK_UK>
<ind_PK_UK id="33001F59-3474-7C0A-D885-EE985DF0F5AE" name="SERVICIO_ORDEN_DE_ATENCION_FK">
<createdBy>Carlos</createdBy>
<createdTime>2024-09-02 20:50:24 UTC</createdTime>
<generatorID>D554D00A-F82C-BB6C-ED1E-FE13DE68958B</generatorID>
<ownerDesignName>Serv_Automotriz</ownerDesignName>
<indexState>Foreign Key</indexState>
<isSurrogateKey>false</isSurrogateKey>
<indexColumnUsage>
<colUsage columnID="371032BF-D678-4FDE-4A79-7D0674957DAE"/>
</indexColumnUsage>
</ind_PK_UK>
</indexes>
</Table>