<?xml version = '1.0' encoding = 'UTF-8'?>
<Table class="oracle.dbtools.crest.model.design.relational.Table" directorySegmentName="seg_0" id="FAFFC9F4-F4DC-5231-62B5-4358C65F0686" name="VEHICULO">
<createdBy>Carlos</createdBy>
<createdTime>2024-09-02 20:50:24 UTC</createdTime>
<generatorID>72A5034A-413C-5920-AAEC-3CCED00539F0</generatorID>
<ownerDesignName>Serv_Automotriz</ownerDesignName>
<allowColumnReorder>false</allowColumnReorder>
<existDependencyGenerateInDDl>true</existDependencyGenerateInDDl>
<parsed>true</parsed>
<columns itemClass="oracle.dbtools.crest.model.design.relational.Column">
<Column name="id_vehiculo" id="28574CDC-C6C6-F7DD-86DB-3A8C5DA666A0">
<createdBy>Carlos</createdBy>
<createdTime>2024-09-02 20:50:24 UTC</createdTime>
<generatorID>9A243C22-A574-C947-D5CC-08A9F6D0D58B</generatorID>
<ownerDesignName>Serv_Automotriz</ownerDesignName>
<useDomainConstraints>false</useDomainConstraints>
<use>1</use>
<logicalDatatype>LOGDT011</logicalDatatype>
<ownDataTypeParameters>,,</ownDataTypeParameters>
<autoIncrementCycle>false</autoIncrementCycle>
</Column>
<Column name="patente" id="69DA0934-5885-621B-2400-4E2849EA6D60">
<createdBy>Carlos</createdBy>
<createdTime>2024-09-02 20:50:24 UTC</createdTime>
<generatorID>FF4C908B-AB86-E223-24E0-2CAE7BB430B1</generatorID>
<ownerDesignName>Serv_Automotriz</ownerDesignName>
<useDomainConstraints>false</useDomainConstraints>
<use>1</use>
<logicalDatatype>LOGDT024</logicalDatatype>
<dataTypeSize>8</dataTypeSize>
<ownDataTypeParameters>8,,</ownDataTypeParameters>
<autoIncrementCycle>false</autoIncrementCycle>
</Column>
<Column name="marca" id="3D10C129-92C5-D80B-9297-55DA35C871AD">
<createdBy>Carlos</createdBy>
<createdTime>2024-09-02 20:50:24 UTC</createdTime>
<generatorID>74881A3E-F45D-076D-7583-2B5976598C99</generatorID>
<ownerDesignName>Serv_Automotriz</ownerDesignName>
<useDomainConstraints>false</useDomainConstraints>
<use>1</use>
<logicalDatatype>LOGDT024</logicalDatatype>
<dataTypeSize>20</dataTypeSize>
<ownDataTypeParameters>20,,</ownDataTypeParameters>
<autoIncrementCycle>false</autoIncrementCycle>
</Column>
<Column name="modelo" id="528E42CD-8DA8-B901-9BBE-D1E5356A75B2">
<createdBy>Carlos</createdBy>
<createdTime>2024-09-02 20:50:24 UTC</createdTime>
<generatorID>11EDF54C-8D81-B4DA-3778-32F9CE7EF9ED</generatorID>
<ownerDesignName>Serv_Automotriz</ownerDesignName>
<useDomainConstraints>false</useDomainConstraints>
<use>1</use>
<logicalDatatype>LOGDT024</logicalDatatype>
<dataTypeSize>20</dataTypeSize>
<ownDataTypeParameters>20,,</ownDataTypeParameters>
<autoIncrementCycle>false</autoIncrementCycle>
</Column>
<Column name="año" id="259831D8-F507-98F0-170B-31D4C7E73FFC">
<createdBy>Carlos</createdBy>
<createdTime>2024-09-02 20:50:24 UTC</createdTime>
<generatorID>F7969BCB-D652-164A-AAAE-BDD649100792</generatorID>
<ownerDesignName>Serv_Automotriz</ownerDesignName>
<useDomainConstraints>false</useDomainConstraints>
<use>1</use>
<logicalDatatype>LOGDT011</logicalDatatype>
<ownDataTypeParameters>,,</ownDataTypeParameters>
<autoIncrementCycle>false</autoIncrementCycle>
</Column>
<Column name="color" id="829E614F-E227-DA90-2917-AB86558B493D">
<createdBy>Carlos</createdBy>
<createdTime>2024-09-02 20:50:24 UTC</createdTime>
<generatorID>5C23E215-F235-7E39-CB66-0241ACD3305E</generatorID>
<ownerDesignName>Serv_Automotriz</ownerDesignName>
<nullsAllowed>true</nullsAllowed>
<useDomainConstraints>false</useDomainConstraints>
<use>1</use>
<logicalDatatype>LOGDT024</logicalDatatype>
<dataTypeSize>12</dataTypeSize>
<ownDataTypeParameters>12,,</ownDataTypeParameters>
<autoIncrementCycle>false</autoIncrementCycle>
</Column>
<Column name="CLIENTE_rut" id="A6474195-3646-EA8E-187E-001ECEE3F044">
<createdBy>Carlos</createdBy>
<createdTime>2024-09-02 20:50:24 UTC</createdTime>
<generatorID>568EB4F6-675A-A869-415E-42FD18B258E4</generatorID>
<ownerDesignName>Serv_Automotriz</ownerDesignName>
<useDomainConstraints>false</useDomainConstraints>
<use>1</use>
<logicalDatatype>LOGDT011</logicalDatatype>
<ownDataTypeParameters>,,</ownDataTypeParameters>
<previousColumn>false</previousColumn>
<autoIncrementCycle>false</autoIncrementCycle>
<associations>
<colAssociation fkAssociation="B5532952-2C21-5174-8BC0-35760B4397CC" referredColumn="AA87C4A3-CFFC-68FE-CAC9-880ACDBABDB5"/>
</associations>
</Column>
</columns>
<indexes itemClass="oracle.dbtools.crest.model.design.relational.Index">
<ind_PK_UK id="E44B4EB5-AD94-FF13-3C23-5A1469E75851" name="VEHICULO_PK">
<createdBy>Carlos</createdBy>
<createdTime>2024-09-02 20:50:24 UTC</createdTime>
<generatorID>0CFF9C0D-9EA6-D67C-2636-B09C1A503EEB</generatorID>
<ownerDesignName>Serv_Automotriz</ownerDesignName>
<pk>true</pk>
<indexState>Primary Constraint</indexState>
<isSurrogateKey>false</isSurrogateKey>
<indexColumnUsage>
<colUsage columnID="28574CDC-C6C6-F7DD-86DB-3A8C5DA666A0"/>
</indexColumnUsage>
</ind_PK_UK>
<ind_PK_UK id="7C5B2ABE-03C9-3334-24B7-8EE077039BEC" name="VEHICULO_CLIENTE_FK">
<createdBy>Carlos</createdBy>
<createdTime>2024-09-02 20:50:24 UTC</createdTime>
<generatorID>AEE7DB54-F33E-B2BC-EB15-B63D0C933A6D</generatorID>
<ownerDesignName>Serv_Automotriz</ownerDesignName>
<indexState>Foreign Key</indexState>
<isSurrogateKey>false</isSurrogateKey>
<indexColumnUsage>
<colUsage columnID="A6474195-3646-EA8E-187E-001ECEE3F044"/>
</indexColumnUsage>
</ind_PK_UK>
</indexes>
</Table>