<?xml version = '1.0' encoding = 'UTF-8'?>
<Relation class="oracle.dbtools.crest.model.design.logical.Relation" name="DOMICILIO CLIENTE FK" directorySegmentName="seg_0" id="120CEE80-D147-253C-2C8D-59F830129E8A">
<createdBy>Carlos</createdBy>
<createdTime>2024-09-15 17:59:13 UTC</createdTime>
<ownerDesignName>Serv_Automotriz</ownerDesignName>
<engineerTo>
<item key="25BCEEE2-D686-7348-1202-8186DED6A726" value="true"/>
</engineerTo>
<sourcePk>A1AAA21D-34BB-01AB-341B-B44EAD92A431</sourcePk>
<identifying>false</identifying>
<optionalSource>false</optionalSource>
<optionalTarget>false</optionalTarget>
<sourceCardinality>1</sourceCardinality>
<sourceEntity>18DB40BE-547F-A1A7-2371-637863E4E6CA</sourceEntity>
<targetCardinalityString>*</targetCardinalityString>
<targetEntity>7F52BBE1-98C7-FDF3-67D8-211606FD6F0A</targetEntity>
<transferable>true</transferable>
<deleteRule>NO ACTION</deleteRule>
</Relation>