<?xml version = '1.0' encoding = 'UTF-8'?>
<Relation class="oracle.dbtools.crest.model.design.logical.Relation" name="VEHICULO CLIENTE FK" directorySegmentName="seg_0" id="AEE7DB54-F33E-B2BC-EB15-B63D0C933A6D">
<createdBy>Carlos</createdBy>
<createdTime>2024-09-02 18:20:00 UTC</createdTime>
<ownerDesignName>Serv_Automotriz</ownerDesignName>
<engineerTo>
<item key="25BCEEE2-D686-7348-1202-8186DED6A726" value="true"/>
</engineerTo>
<sourcePk>A1AAA21D-34BB-01AB-341B-B44EAD92A431</sourcePk>
<identifying>false</identifying>
<optionalSource>false</optionalSource>
<optionalTarget>false</optionalTarget>
<sourceCardinality>1</sourceCardinality>
<sourceEntity>18DB40BE-547F-A1A7-2371-637863E4E6CA</sourceEntity>
<targetCardinalityString>*</targetCardinalityString>
<targetEntity>72A5034A-413C-5920-AAEC-3CCED00539F0</targetEntity>
<transferable>true</transferable>
<deleteRule>NO ACTION</deleteRule>
</Relation>