<?xml version = '1.0' encoding = 'UTF-8'?>
<Relation class="oracle.dbtools.crest.model.design.logical.Relation" name="ORDEN DE ATENCION CLIENTE FK" directorySegmentName="seg_0" id="EAF249DE-ED44-0204-B83D-819E580657B8">
<createdBy>Carlos</createdBy>
<createdTime>2024-09-02 18:20:35 UTC</createdTime>
<ownerDesignName>Serv_Automotriz</ownerDesignName>
<engineerTo>
<item key="25BCEEE2-D686-7348-1202-8186DED6A726" value="true"/>
</engineerTo>
<sourcePk>A1AAA21D-34BB-01AB-341B-B44EAD92A431</sourcePk>
<identifying>false</identifying>
<optionalSource>false</optionalSource>
<optionalTarget>false</optionalTarget>
<sourceCardinality>1</sourceCardinality>
<sourceEntity>18DB40BE-547F-A1A7-2371-637863E4E6CA</sourceEntity>
<targetCardinalityString>*</targetCardinalityString>
<targetEntity>6A231D53-1347-C25F-8010-6D1E1AD0649E</targetEntity>
<transferable>true</transferable>
<deleteRule>NO ACTION</deleteRule>
</Relation>