<?xml version = '1.0' encoding = 'UTF-8'?>
<Relation class="oracle.dbtools.crest.model.design.logical.InheritanceRelation" name="Hierarchy_2" directorySegmentName="seg_0" id="9D0BA5FD-4272-DE3C-858A-BDDCBA8C8FDC">
<createdBy>Carlos</createdBy>
<createdTime>2024-09-15 18:06:01 UTC</createdTime>
<ownerDesignName>Serv_Automotriz</ownerDesignName>
<engineerTo>
<item key="25BCEEE2-D686-7348-1202-8186DED6A726" value="true"/>
</engineerTo>
<identifying>false</identifying>
<nameOnSource>Super Type</nameOnSource>
<nameOnTarget>Sub Type</nameOnTarget>
<optionalSource>true</optionalSource>
<optionalTarget>true</optionalTarget>
<sourceEntity>18DB40BE-547F-A1A7-2371-637863E4E6CA</sourceEntity>
<targetEntity>7F52BBE1-98C7-FDF3-67D8-211606FD6F0A</targetEntity>
<transferable>true</transferable>
<deleteRule>NO ACTION</deleteRule>
</Relation>