<?xml version = '1.0' encoding = 'UTF-8'?>
<Entity class="oracle.dbtools.crest.model.design.logical.Entity" directorySegmentName="seg_0" id="6A231D53-1347-C25F-8010-6D1E1AD0649E" name="ORDEN DE ATENCION">
<createdBy>Carlos</createdBy>
<createdTime>2024-09-02 18:07:24 UTC</createdTime>
<ownerDesignName>Serv_Automotriz</ownerDesignName>
<engineerTo>
<item key="25BCEEE2-D686-7348-1202-8186DED6A726" value="true"/>
</engineerTo>
<adequatelyNormalized>NO</adequatelyNormalized>
<expectedVolumes>0</expectedVolumes>
<fwdEngineeringStrategyName>Single Table</fwdEngineeringStrategyName>
<growthPercent>0</growthPercent>
<growthType>Year</growthType>
<maxVolumes>9999999</maxVolumes>
<minVolumes>0</minVolumes>
<normalForm>Third</normalForm>
<attributes itemClass="oracle.dbtools.crest.model.design.logical.Attribute">
<Attribute name="id orden" id="B704FF4B-87D8-9DE0-872C-94FB42C495AB">
<createdBy>Carlos</createdBy>
<createdTime>2024-09-02 18:07:24 UTC</createdTime>
<ownerDesignName>Serv_Automotriz</ownerDesignName>
<engineerTo>
<item key="25BCEEE2-D686-7348-1202-8186DED6A726" value="true"/>
</engineerTo>
<useDomainConstraints>false</useDomainConstraints>
<use>1</use>
<logicalDatatype>LOGDT011</logicalDatatype>
<ownDataTypeParameters>,,</ownDataTypeParameters>
</Attribute>
<Attribute name="fecha ingreso" id="4FA023D8-FADD-3369-911A-0A846597D3F4">
<createdBy>Carlos</createdBy>
<createdTime>2024-09-02 18:08:24 UTC</createdTime>
<ownerDesignName>Serv_Automotriz</ownerDesignName>
<engineerTo>
<item key="25BCEEE2-D686-7348-1202-8186DED6A726" value="true"/>
</engineerTo>
<nullsAllowed>true</nullsAllowed>
<useDomainConstraints>false</useDomainConstraints>
<use>1</use>
<logicalDatatype>LOGDT007</logicalDatatype>
<ownDataTypeParameters>,,</ownDataTypeParameters>
</Attribute>
<Attribute name="fecha estimada entrega" id="942103F1-372B-F2D6-EF09-6D8DB63081DC">
<createdBy>Carlos</createdBy>
<createdTime>2024-09-02 18:08:33 UTC</createdTime>
<ownerDesignName>Serv_Automotriz</ownerDesignName>
<engineerTo>
<item key="25BCEEE2-D686-7348-1202-8186DED6A726" value="true"/>
</engineerTo>
<nullsAllowed>true</nullsAllowed>
<useDomainConstraints>false</useDomainConstraints>
<use>1</use>
<logicalDatatype>LOGDT007</logicalDatatype>
<ownDataTypeParameters>,,</ownDataTypeParameters>
</Attribute>
<Attribute name="estado" id="E9CE03A7-95FD-693F-1F0E-6BE7F32E2AC1">
<createdBy>Carlos</createdBy>
<createdTime>2024-09-02 18:08:41 UTC</createdTime>
<ownerDesignName>Serv_Automotriz</ownerDesignName>
<engineerTo>
<item key="25BCEEE2-D686-7348-1202-8186DED6A726" value="true"/>
</engineerTo>
<nullsAllowed>true</nullsAllowed>
<useDomainConstraints>false</useDomainConstraints>
<use>1</use>
<logicalDatatype>LOGDT024</logicalDatatype>
<dataTypeSize>20</dataTypeSize>
<ownDataTypeParameters>20,,</ownDataTypeParameters>
</Attribute>
<Attribute name="CLIENTE rut" id="9647DE79-5DC1-A500-6DCA-CF39D9ABCEF9">
<createdBy>Carlos</createdBy>
<createdTime>2024-09-02 18:20:35 UTC</createdTime>
<generatorID>EAF249DE-ED44-0204-B83D-819E580657B8</generatorID>
<ownerDesignName>Serv_Automotriz</ownerDesignName>
<engineerTo>
<item key="25BCEEE2-D686-7348-1202-8186DED6A726" value="true"/>
</engineerTo>
<referedAttribute>C3744EEC-43A8-F236-256C-43D87F8BF7E3</referedAttribute>
<useDomainConstraints>false</useDomainConstraints>
<use>1</use>
<logicalDatatype>LOGDT011</logicalDatatype>
<ownDataTypeParameters>,,</ownDataTypeParameters>
</Attribute>
<Attribute name="VEHICULO id vehiculo" id="009B636C-D9DA-50BA-E87E-4D7057B84072">
<createdBy>Carlos</createdBy>
<createdTime>2024-09-02 18:20:52 UTC</createdTime>
<generatorID>E165BF15-035A-C3B9-4FBD-98FC8F4BFA73</generatorID>
<ownerDesignName>Serv_Automotriz</ownerDesignName>
<engineerTo>
<item key="25BCEEE2-D686-7348-1202-8186DED6A726" value="true"/>
</engineerTo>
<referedAttribute>9A243C22-A574-C947-D5CC-08A9F6D0D58B</referedAttribute>
<useDomainConstraints>false</useDomainConstraints>
<use>1</use>
<logicalDatatype>LOGDT011</logicalDatatype>
<ownDataTypeParameters>,,</ownDataTypeParameters>
</Attribute>
</attributes>
<identifiers itemClass="oracle.dbtools.crest.model.design.logical.CandidateKey">
<identifier id="965E9EE5-7FA6-D3CC-46C0-30B5634B1386" name="ORDEN_DE_ATENCION_PK">
<createdBy>Carlos</createdBy>
<createdTime>2024-09-02 18:07:24 UTC</createdTime>
<ownerDesignName>Serv_Automotriz</ownerDesignName>
<shouldEngineer>false</shouldEngineer>
<engineerTo>
<item key="25BCEEE2-D686-7348-1202-8186DED6A726" value="false"/>
</engineerTo>
<pk>true</pk>
<usedAttributes>
<attributeRef>B704FF4B-87D8-9DE0-872C-94FB42C495AB</attributeRef>
</usedAttributes>
</identifier>
</identifiers>
</Entity>