<?xml version = '1.0' encoding = 'UTF-8'?>
<Entity class="oracle.dbtools.crest.model.design.logical.Entity" directorySegmentName="seg_0" id="72A5034A-413C-5920-AAEC-3CCED00539F0" name="VEHICULO">
<createdBy>Carlos</createdBy>
<createdTime>2024-08-31 21:42:11 UTC</createdTime>
<ownerDesignName>Serv_Automotriz</ownerDesignName>
<engineerTo>
<item key="25BCEEE2-D686-7348-1202-8186DED6A726" value="true"/>
</engineerTo>
<adequatelyNormalized>NO</adequatelyNormalized>
<expectedVolumes>0</expectedVolumes>
<fwdEngineeringStrategyName>Single Table</fwdEngineeringStrategyName>
<growthPercent>0</growthPercent>
<growthType>Year</growthType>
<maxVolumes>9999999</maxVolumes>
<minVolumes>0</minVolumes>
<normalForm>Third</normalForm>
<attributes itemClass="oracle.dbtools.crest.model.design.logical.Attribute">
<Attribute name="id vehiculo" id="9A243C22-A574-C947-D5CC-08A9F6D0D58B">
<createdBy>Carlos</createdBy>
<createdTime>2024-08-31 21:42:11 UTC</createdTime>
<ownerDesignName>Serv_Automotriz</ownerDesignName>
<engineerTo>
<item key="25BCEEE2-D686-7348-1202-8186DED6A726" value="true"/>
</engineerTo>
<useDomainConstraints>false</useDomainConstraints>
<use>1</use>
<logicalDatatype>LOGDT011</logicalDatatype>
<ownDataTypeParameters>,,</ownDataTypeParameters>
</Attribute>
<Attribute name="patente" id="FF4C908B-AB86-E223-24E0-2CAE7BB430B1">
<createdBy>Carlos</createdBy>
<createdTime>2024-08-31 21:42:11 UTC</createdTime>
<ownerDesignName>Serv_Automotriz</ownerDesignName>
<engineerTo>
<item key="25BCEEE2-D686-7348-1202-8186DED6A726" value="true"/>
</engineerTo>
<useDomainConstraints>false</useDomainConstraints>
<use>1</use>
<logicalDatatype>LOGDT024</logicalDatatype>
<dataTypeSize>8</dataTypeSize>
<ownDataTypeParameters>8,,</ownDataTypeParameters>
</Attribute>
<Attribute name="marca" id="74881A3E-F45D-076D-7583-2B5976598C99">
<createdBy>Carlos</createdBy>
<createdTime>2024-08-31 21:42:11 UTC</createdTime>
<ownerDesignName>Serv_Automotriz</ownerDesignName>
<engineerTo>
<item key="25BCEEE2-D686-7348-1202-8186DED6A726" value="true"/>
</engineerTo>
<useDomainConstraints>false</useDomainConstraints>
<use>1</use>
<logicalDatatype>LOGDT024</logicalDatatype>
<dataTypeSize>20</dataTypeSize>
<ownDataTypeParameters>20,,</ownDataTypeParameters>
</Attribute>
<Attribute name="modelo" id="11EDF54C-8D81-B4DA-3778-32F9CE7EF9ED">
<createdBy>Carlos</createdBy>
<createdTime>2024-08-31 21:42:11 UTC</createdTime>
<ownerDesignName>Serv_Automotriz</ownerDesignName>
<engineerTo>
<item key="25BCEEE2-D686-7348-1202-8186DED6A726" value="true"/>
</engineerTo>
<useDomainConstraints>false</useDomainConstraints>
<use>1</use>
<logicalDatatype>LOGDT024</logicalDatatype>
<dataTypeSize>20</dataTypeSize>
<ownDataTypeParameters>20,,</ownDataTypeParameters>
</Attribute>
<Attribute name="año" id="F7969BCB-D652-164A-AAAE-BDD649100792">
<createdBy>Carlos</createdBy>
<createdTime>2024-08-31 21:42:11 UTC</createdTime>
<ownerDesignName>Serv_Automotriz</ownerDesignName>
<engineerTo>
<item key="25BCEEE2-D686-7348-1202-8186DED6A726" value="true"/>
</engineerTo>
<useDomainConstraints>false</useDomainConstraints>
<use>1</use>
<logicalDatatype>LOGDT011</logicalDatatype>
<ownDataTypeParameters>,,</ownDataTypeParameters>
</Attribute>
<Attribute name="color" id="5C23E215-F235-7E39-CB66-0241ACD3305E">
<createdBy>Carlos</createdBy>
<createdTime>2024-08-31 21:42:11 UTC</createdTime>
<ownerDesignName>Serv_Automotriz</ownerDesignName>
<engineerTo>
<item key="25BCEEE2-D686-7348-1202-8186DED6A726" value="true"/>
</engineerTo>
<nullsAllowed>true</nullsAllowed>
<useDomainConstraints>false</useDomainConstraints>
<use>1</use>
<logicalDatatype>LOGDT024</logicalDatatype>
<dataTypeSize>12</dataTypeSize>
<ownDataTypeParameters>12,,</ownDataTypeParameters>
</Attribute>
<Attribute name="CLIENTE rut" id="568EB4F6-675A-A869-415E-42FD18B258E4">
<createdBy>Carlos</createdBy>
<createdTime>2024-09-02 18:20:00 UTC</createdTime>
<generatorID>AEE7DB54-F33E-B2BC-EB15-B63D0C933A6D</generatorID>
<ownerDesignName>Serv_Automotriz</ownerDesignName>
<engineerTo>
<item key="25BCEEE2-D686-7348-1202-8186DED6A726" value="true"/>
</engineerTo>
<referedAttribute>C3744EEC-43A8-F236-256C-43D87F8BF7E3</referedAttribute>
<useDomainConstraints>false</useDomainConstraints>
<use>1</use>
<logicalDatatype>LOGDT011</logicalDatatype>
<ownDataTypeParameters>,,</ownDataTypeParameters>
</Attribute>
</attributes>
<identifiers itemClass="oracle.dbtools.crest.model.design.logical.CandidateKey">
<identifier id="0CFF9C0D-9EA6-D67C-2636-B09C1A503EEB" name="VEHICULO_PK">
<createdBy>Carlos</createdBy>
<createdTime>2024-08-31 21:42:11 UTC</createdTime>
<ownerDesignName>Serv_Automotriz</ownerDesignName>
<shouldEngineer>false</shouldEngineer>
<engineerTo>
<item key="25BCEEE2-D686-7348-1202-8186DED6A726" value="false"/>
</engineerTo>
<pk>true</pk>
<usedAttributes>
<attributeRef>9A243C22-A574-C947-D5CC-08A9F6D0D58B</attributeRef>
</usedAttributes>
</identifier>
</identifiers>
</Entity>