<?xml version = '1.0' encoding = 'UTF-8'?>
<Entity class="oracle.dbtools.crest.model.design.logical.Entity" directorySegmentName="seg_0" id="7F52BBE1-98C7-FDF3-67D8-211606FD6F0A" name="DOMICILIO">
<createdBy>Carlos</createdBy>
<createdTime>2024-09-15 17:56:24 UTC</createdTime>
<ownerDesignName>Serv_Automotriz</ownerDesignName>
<engineerTo>
<item key="25BCEEE2-D686-7348-1202-8186DED6A726" value="true"/>
</engineerTo>
<adequatelyNormalized>NO</adequatelyNormalized>
<expectedVolumes>0</expectedVolumes>
<fwdEngineeringStrategyName>Single Table</fwdEngineeringStrategyName>
<growthPercent>0</growthPercent>
<growthType>Year</growthType>
<hierarchicalParent>18DB40BE-547F-A1A7-2371-637863E4E6CA</hierarchicalParent>
<maxVolumes>9999999</maxVolumes>
<minVolumes>0</minVolumes>
<normalForm>Third</normalForm>
<attributes itemClass="oracle.dbtools.crest.model.design.logical.Attribute">
<Attribute name="id domicilio" id="2C122DB8-7DE9-141A-6A95-F77894E2FE9E">
<createdBy>Carlos</createdBy>
<createdTime>2024-09-15 17:56:40 UTC</createdTime>
<ownerDesignName>Serv_Automotriz</ownerDesignName>
<engineerTo>
<item key="25BCEEE2-D686-7348-1202-8186DED6A726" value="true"/>
</engineerTo>
<useDomainConstraints>false</useDomainConstraints>
<use>1</use>
<logicalDatatype>LOGDT011</logicalDatatype>
<ownDataTypeParameters>,,</ownDataTypeParameters>
</Attribute>
<Attribute name="direccion" id="40616846-4270-9F68-B212-BAC57ED58308">
<createdBy>Carlos</createdBy>
<createdTime>2024-09-15 17:57:07 UTC</createdTime>
<ownerDesignName>Serv_Automotriz</ownerDesignName>
<engineerTo>
<item key="25BCEEE2-D686-7348-1202-8186DED6A726" value="true"/>
</engineerTo>
<useDomainConstraints>false</useDomainConstraints>
<use>1</use>
<logicalDatatype>LOGDT024</logicalDatatype>
<dataTypeSize>30</dataTypeSize>
<ownDataTypeParameters>30,,</ownDataTypeParameters>
</Attribute>
<Attribute name="comuna" id="E8CFDC9F-1F69-A81F-68A6-A0841CE19204">
<createdBy>Carlos</createdBy>
<createdTime>2024-09-15 17:57:22 UTC</createdTime>
<ownerDesignName>Serv_Automotriz</ownerDesignName>
<engineerTo>
<item key="25BCEEE2-D686-7348-1202-8186DED6A726" value="true"/>
</engineerTo>
<useDomainConstraints>false</useDomainConstraints>
<use>1</use>
<logicalDatatype>LOGDT024</logicalDatatype>
<dataTypeSize>20</dataTypeSize>
<ownDataTypeParameters>20,,</ownDataTypeParameters>
</Attribute>
<Attribute name="CLIENTE rut" id="48806F15-3459-701D-023D-E80207EA43CA">
<createdBy>Carlos</createdBy>
<createdTime>2024-09-15 17:59:13 UTC</createdTime>
<generatorID>120CEE80-D147-253C-2C8D-59F830129E8A</generatorID>
<ownerDesignName>Serv_Automotriz</ownerDesignName>
<engineerTo>
<item key="25BCEEE2-D686-7348-1202-8186DED6A726" value="true"/>
</engineerTo>
<referedAttribute>C3744EEC-43A8-F236-256C-43D87F8BF7E3</referedAttribute>
<useDomainConstraints>false</useDomainConstraints>
<use>1</use>
<logicalDatatype>LOGDT011</logicalDatatype>
<ownDataTypeParameters>,,</ownDataTypeParameters>
</Attribute>
</attributes>
<identifiers itemClass="oracle.dbtools.crest.model.design.logical.CandidateKey">
<identifier id="3901DE4D-68A6-BD25-C94D-77093928EE1F" name="DOMICILIO PK">
<createdBy>Carlos</createdBy>
<createdTime>2024-09-15 17:57:01 UTC</createdTime>
<ownerDesignName>Serv_Automotriz</ownerDesignName>
<shouldEngineer>false</shouldEngineer>
<engineerTo>
<item key="25BCEEE2-D686-7348-1202-8186DED6A726" value="false"/>
</engineerTo>
<pk>true</pk>
<usedAttributes>
<attributeRef>2C122DB8-7DE9-141A-6A95-F77894E2FE9E</attributeRef>
</usedAttributes>
</identifier>
</identifiers>
</Entity>