<?xml version = '1.0' encoding = 'UTF-8'?>
<Entity class="oracle.dbtools.crest.model.design.logical.Entity" directorySegmentName="seg_0" id="E097596F-4712-F52D-4AF3-EAE2417BA189" name="SERVICIO">
<createdBy>Carlos</createdBy>
<createdTime>2024-09-02 18:13:15 UTC</createdTime>
<ownerDesignName>Serv_Automotriz</ownerDesignName>
<engineerTo>
<item key="25BCEEE2-D686-7348-1202-8186DED6A726" value="true"/>
</engineerTo>
<adequatelyNormalized>NO</adequatelyNormalized>
<expectedVolumes>0</expectedVolumes>
<fwdEngineeringStrategyName>Single Table</fwdEngineeringStrategyName>
<growthPercent>0</growthPercent>
<growthType>Year</growthType>
<maxVolumes>9999999</maxVolumes>
<minVolumes>0</minVolumes>
<normalForm>Third</normalForm>
<attributes itemClass="oracle.dbtools.crest.model.design.logical.Attribute">
<Attribute name="id servicio" id="8FED2588-D2A9-3B2F-680C-35DB965D40DC">
<createdBy>Carlos</createdBy>
<createdTime>2024-09-02 18:13:42 UTC</createdTime>
<ownerDesignName>Serv_Automotriz</ownerDesignName>
<engineerTo>
<item key="25BCEEE2-D686-7348-1202-8186DED6A726" value="true"/>
</engineerTo>
<useDomainConstraints>false</useDomainConstraints>
<use>1</use>
<logicalDatatype>LOGDT011</logicalDatatype>
<ownDataTypeParameters>,,</ownDataTypeParameters>
</Attribute>
<Attribute name="tipo servicio" id="01D0EAA6-D35E-B609-7E16-DEEA44DC6FC2">
<createdBy>Carlos</createdBy>
<createdTime>2024-09-02 18:14:39 UTC</createdTime>
<ownerDesignName>Serv_Automotriz</ownerDesignName>
<engineerTo>
<item key="25BCEEE2-D686-7348-1202-8186DED6A726" value="true"/>
</engineerTo>
<useDomainConstraints>false</useDomainConstraints>
<use>1</use>
<logicalDatatype>LOGDT024</logicalDatatype>
<dataTypeSize>12</dataTypeSize>
<ownDataTypeParameters>12,,</ownDataTypeParameters>
</Attribute>
<Attribute name="descripcion" id="342EA1D8-7EEF-9956-995D-74E15391C3C0">
<createdBy>Carlos</createdBy>
<createdTime>2024-09-02 18:15:05 UTC</createdTime>
<ownerDesignName>Serv_Automotriz</ownerDesignName>
<engineerTo>
<item key="25BCEEE2-D686-7348-1202-8186DED6A726" value="true"/>
</engineerTo>
<nullsAllowed>true</nullsAllowed>
<useDomainConstraints>false</useDomainConstraints>
<use>1</use>
<logicalDatatype>LOGDT024</logicalDatatype>
<dataTypeSize>30</dataTypeSize>
<ownDataTypeParameters>30,,</ownDataTypeParameters>
</Attribute>
<Attribute name="costo" id="0532F8C0-1CD0-6F34-D3D1-0DC44ADD244E">
<createdBy>Carlos</createdBy>
<createdTime>2024-09-02 18:15:36 UTC</createdTime>
<ownerDesignName>Serv_Automotriz</ownerDesignName>
<engineerTo>
<item key="25BCEEE2-D686-7348-1202-8186DED6A726" value="true"/>
</engineerTo>
<nullsAllowed>true</nullsAllowed>
<useDomainConstraints>false</useDomainConstraints>
<use>1</use>
<logicalDatatype>LOGDT011</logicalDatatype>
<ownDataTypeParameters>,,</ownDataTypeParameters>
</Attribute>
<Attribute name="ORDEN DE ATENCION id orden" id="3EAF631C-BD3E-15F4-463A-0118C3B2F56C">
<createdBy>Carlos</createdBy>
<createdTime>2024-09-02 18:21:09 UTC</createdTime>
<generatorID>D554D00A-F82C-BB6C-ED1E-FE13DE68958B</generatorID>
<ownerDesignName>Serv_Automotriz</ownerDesignName>
<engineerTo>
<item key="25BCEEE2-D686-7348-1202-8186DED6A726" value="true"/>
</engineerTo>
<referedAttribute>B704FF4B-87D8-9DE0-872C-94FB42C495AB</referedAttribute>
<useDomainConstraints>false</useDomainConstraints>
<use>1</use>
<logicalDatatype>LOGDT011</logicalDatatype>
<ownDataTypeParameters>,,</ownDataTypeParameters>
</Attribute>
</attributes>
<identifiers itemClass="oracle.dbtools.crest.model.design.logical.CandidateKey">
<identifier id="F8B6F6AA-5B5B-DE0B-145B-6D6DC446DDCD" name="SERVICIO PK">
<createdBy>Carlos</createdBy>
<createdTime>2024-09-02 18:14:32 UTC</createdTime>
<ownerDesignName>Serv_Automotriz</ownerDesignName>
<shouldEngineer>false</shouldEngineer>
<engineerTo>
<item key="25BCEEE2-D686-7348-1202-8186DED6A726" value="false"/>
</engineerTo>
<pk>true</pk>
<usedAttributes>
<attributeRef>8FED2588-D2A9-3B2F-680C-35DB965D40DC</attributeRef>
</usedAttributes>
</identifier>
</identifiers>
</Entity>