<?xml version = '1.0' encoding = 'UTF-8'?>
<Diagram class="oracle.dbtools.crest.swingui.logical.DPVLogical" name="Logical" id="833DBE5B-E174-7532-D516-F0BC24C3528C">
<createdBy>Carlos</createdBy>
<modifiedBy>Carlos</modifiedBy>
<createdTime>2024-08-31 21:39:15 UTC</createdTime>
<autoRoute>false</autoRoute>
<boxInbox>true</boxInbox>
<showLegend>false</showLegend>
<showLabels>false</showLabels>
<showRelAttributes>false</showRelAttributes>
<gridEnabled>false</gridEnabled>
<showGrid>false</showGrid>
<diagramColor>-1</diagramColor>
<display>false</display>
<notation>1</notation>
<objectViews>
<OView class="oracle.dbtools.crest.swingui.logical.TVEntity" oid="18DB40BE-547F-A1A7-2371-637863E4E6CA" otype="Entity" vid="B4948DB2-CD44-D039-EC8A-B558D9B4D3BF">
<hideElementsInCurrentOnly>false</hideElementsInCurrentOnly>
<bounds x="281" y="257" width="311" height="187"/>
</OView>
<OView class="oracle.dbtools.crest.swingui.logical.TVEntity" oid="3368772F-6F5C-9E7A-EE0B-3A43EC3E761C" otype="Entity" vid="47D2CE08-0443-FD11-A32B-7EBD05B6E2ED">
<hideElementsInCurrentOnly>false</hideElementsInCurrentOnly>
<bounds x="62" y="232" width="194" height="101"/>
</OView>
<OView class="oracle.dbtools.crest.swingui.logical.TVEntity" oid="6A231D53-1347-C25F-8010-6D1E1AD0649E" otype="Entity" vid="F8F143A2-C8B2-C246-F359-5866E876AF15">
<hideElementsInCurrentOnly>false</hideElementsInCurrentOnly>
<bounds x="421" y="24" width="322" height="145"/>
</OView>
<OView class="oracle.dbtools.crest.swingui.logical.TVEntity" oid="72A5034A-413C-5920-AAEC-3CCED00539F0" otype="Entity" vid="1C520567-677D-04E4-5EE4-B1E236569275">
<hideElementsInCurrentOnly>false</hideElementsInCurrentOnly>
<bounds x="676" y="236" width="194" height="143"/>
</OView>
<OView class="oracle.dbtools.crest.swingui.logical.TVEntity" oid="7F52BBE1-98C7-FDF3-67D8-211606FD6F0A" otype="Entity" vid="E3AD0EAE-919C-C343-5F71-89B5E297CB7E">
<hideElementsInCurrentOnly>false</hideElementsInCurrentOnly>
<bounds x="380" y="355" width="142" height="79"/>
</OView>
<OView class="oracle.dbtools.crest.swingui.logical.TVEntity" oid="E097596F-4712-F52D-4AF3-EAE2417BA189" otype="Entity" vid="5945B4E4-1117-C194-DF0E-5BCF3FB2E15D">
<hideElementsInCurrentOnly>false</hideElementsInCurrentOnly>
<bounds x="57" y="24" width="246" height="130"/>
</OView>
</objectViews>
<connectors>
<Connector class="oracle.dbtools.crest.swingui.logical.TVRelation" oid="120CEE80-D147-253C-2C8D-59F830129E8A" otype="Relation" vid_source="B4948DB2-CD44-D039-EC8A-B558D9B4D3BF" vid_target="E3AD0EAE-919C-C343-5F71-89B5E297CB7E">
<hideElementsInCurrentOnly>false</hideElementsInCurrentOnly>
<backgroundColor>-16777216</backgroundColor>
<lineWidth>1</lineWidth>
<points>
<point x="592" y="394"/>
<point x="380" y="394"/>
</points>
</Connector>
<Connector class="oracle.dbtools.crest.swingui.logical.TVRelation" oid="363200B8-A11A-6FC7-EF62-0E586846CF9F" otype="Relation" vid_source="5945B4E4-1117-C194-DF0E-5BCF3FB2E15D" vid_target="47D2CE08-0443-FD11-A32B-7EBD05B6E2ED">
<hideElementsInCurrentOnly>false</hideElementsInCurrentOnly>
<backgroundColor>-16777216</backgroundColor>
<lineWidth>1</lineWidth>
<points>
<point x="159" y="154"/>
<point x="159" y="232"/>
</points>
</Connector>
<Connector class="oracle.dbtools.crest.swingui.logical.TVInheritanceRelation" oid="9D0BA5FD-4272-DE3C-858A-BDDCBA8C8FDC" otype="Hierarchy relation" vid_source="B4948DB2-CD44-D039-EC8A-B558D9B4D3BF" vid_target="E3AD0EAE-919C-C343-5F71-89B5E297CB7E">
<hideElementsInCurrentOnly>false</hideElementsInCurrentOnly>
<backgroundColor>-65536</backgroundColor>
<lineWidth>1</lineWidth>
</Connector>
<Connector class="oracle.dbtools.crest.swingui.logical.TVRelation" oid="AEE7DB54-F33E-B2BC-EB15-B63D0C933A6D" otype="Relation" vid_source="B4948DB2-CD44-D039-EC8A-B558D9B4D3BF" vid_target="1C520567-677D-04E4-5EE4-B1E236569275">
<hideElementsInCurrentOnly>false</hideElementsInCurrentOnly>
<backgroundColor>-16777216</backgroundColor>
<lineWidth>1</lineWidth>
<points>
<point x="592" y="318"/>
<point x="676" y="318"/>
</points>
</Connector>
<Connector class="oracle.dbtools.crest.swingui.logical.TVRelation" oid="D554D00A-F82C-BB6C-ED1E-FE13DE68958B" otype="Relation" vid_source="F8F143A2-C8B2-C246-F359-5866E876AF15" vid_target="5945B4E4-1117-C194-DF0E-5BCF3FB2E15D">
<hideElementsInCurrentOnly>false</hideElementsInCurrentOnly>
<backgroundColor>-16777216</backgroundColor>
<lineWidth>1</lineWidth>
<points>
<point x="421" y="89"/>
<point x="303" y="89"/>
</points>
</Connector>
<Connector class="oracle.dbtools.crest.swingui.logical.TVRelation" oid="E165BF15-035A-C3B9-4FBD-98FC8F4BFA73" otype="Relation" vid_source="1C520567-677D-04E4-5EE4-B1E236569275" vid_target="F8F143A2-C8B2-C246-F359-5866E876AF15">
<hideElementsInCurrentOnly>false</hideElementsInCurrentOnly>
<backgroundColor>-16777216</backgroundColor>
<lineWidth>1</lineWidth>
<points>
<point x="724" y="236"/>
<point x="724" y="169"/>
</points>
</Connector>
<Connector class="oracle.dbtools.crest.swingui.logical.TVRelation" oid="EAF249DE-ED44-0204-B83D-819E580657B8" otype="Relation" vid_source="B4948DB2-CD44-D039-EC8A-B558D9B4D3BF" vid_target="F8F143A2-C8B2-C246-F359-5866E876AF15">
<hideElementsInCurrentOnly>false</hideElementsInCurrentOnly>
<backgroundColor>-16777216</backgroundColor>
<lineWidth>1</lineWidth>
<points>
<point x="491" y="257"/>
<point x="491" y="169"/>
</points>
</Connector>
</connectors>
</Diagram>