<?xml version = '1.0' encoding = 'UTF-8'?>
<Diagram class="oracle.dbtools.crest.swingui.relational.DPVRelational" name="Relational_1" id="0C9A9D00-9BEC-41F1-1730-5ADFC4A91449">
<createdBy>Carlos</createdBy>
<modifiedBy>Carlos</modifiedBy>
<createdTime>2024-09-02 18:43:51 UTC</createdTime>
<autoRoute>false</autoRoute>
<boxInbox>true</boxInbox>
<showLegend>false</showLegend>
<showLabels>false</showLabels>
<showRelAttributes>false</showRelAttributes>
<gridEnabled>false</gridEnabled>
<showGrid>false</showGrid>
<diagramColor>-1</diagramColor>
<display>false</display>
<notation>1</notation>
<objectViews>
<OView class="oracle.dbtools.crest.swingui.relational.TVTable" oid="337C69B0-96F6-F618-1356-DF8297F3BE79" otype="Table" vid="E39E9805-B9D2-70D0-4C51-D6CE8F76D01A">
<hideElementsInCurrentOnly>false</hideElementsInCurrentOnly>
<bounds x="436" y="402" width="236" height="116"/>
</OView>
<OView class="oracle.dbtools.crest.swingui.relational.TVTable" oid="3BD9B619-672D-DA3A-A6F3-7C87B28D6F02" otype="Table" vid="A752E4E2-7B1A-A54E-2A0E-7ECD6885B825">
<hideElementsInCurrentOnly>false</hideElementsInCurrentOnly>
<bounds x="281" y="257" width="311" height="187"/>
</OView>
<OView class="oracle.dbtools.crest.swingui.relational.TVTable" oid="55926B51-66D7-0220-8B5A-8D8D0F706511" otype="Table" vid="8368358D-5AEE-6C08-4AD6-16DA0A4E54F5">
<hideElementsInCurrentOnly>false</hideElementsInCurrentOnly>
<bounds x="62" y="232" width="194" height="101"/>
</OView>
<OView class="oracle.dbtools.crest.swingui.relational.TVTable" oid="8B3B5CF5-DB27-1E76-0238-E4FE428AF9B4" otype="Table" vid="C6252425-2991-AB8F-E15A-7D7D90927318">
<hideElementsInCurrentOnly>false</hideElementsInCurrentOnly>
<bounds x="421" y="24" width="322" height="145"/>
</OView>
<OView class="oracle.dbtools.crest.swingui.relational.TVTable" oid="D8C791A1-458B-DDD6-45A6-68868C50BCA3" otype="Table" vid="30BCEBF2-2FA5-9F3D-8A2A-F3F5DBCCD073">
<hideElementsInCurrentOnly>false</hideElementsInCurrentOnly>
<bounds x="57" y="24" width="246" height="130"/>
</OView>
<OView class="oracle.dbtools.crest.swingui.relational.TVTable" oid="FAFFC9F4-F4DC-5231-62B5-4358C65F0686" otype="Table" vid="17B952BF-7040-7EC3-5E62-06A903E66798">
<hideElementsInCurrentOnly>false</hideElementsInCurrentOnly>
<bounds x="676" y="236" width="194" height="143"/>
</OView>
</objectViews>
<connectors>
<Connector class="oracle.dbtools.crest.swingui.relational.TVFKRelation" oid="2CFC51CC-FE87-7239-ED5F-9FD6906C7DBE" otype="FKIndexAssociation" vid_source="C6252425-2991-AB8F-E15A-7D7D90927318" vid_target="30BCEBF2-2FA5-9F3D-8A2A-F3F5DBCCD073">
<hideElementsInCurrentOnly>false</hideElementsInCurrentOnly>
<backgroundColor>-16777216</backgroundColor>
<lineWidth>1</lineWidth>
<points>
<point x="421" y="89"/>
<point x="303" y="119"/>
</points>
</Connector>
<Connector class="oracle.dbtools.crest.swingui.relational.TVFKRelation" oid="301AD1F5-A183-B0B9-8B8F-328D52207030" otype="FKIndexAssociation" vid_source="A752E4E2-7B1A-A54E-2A0E-7ECD6885B825" vid_target="E39E9805-B9D2-70D0-4C51-D6CE8F76D01A">
<hideElementsInCurrentOnly>false</hideElementsInCurrentOnly>
<backgroundColor>-16777216</backgroundColor>
<lineWidth>1</lineWidth>
<points>
<point x="592" y="423"/>
<point x="436" y="423"/>
</points>
</Connector>
<Connector class="oracle.dbtools.crest.swingui.relational.TVFKRelation" oid="4F482345-20C1-966C-B406-8C319338BD98" otype="FKIndexAssociation" vid_source="A752E4E2-7B1A-A54E-2A0E-7ECD6885B825" vid_target="C6252425-2991-AB8F-E15A-7D7D90927318">
<hideElementsInCurrentOnly>false</hideElementsInCurrentOnly>
<backgroundColor>-16777216</backgroundColor>
<lineWidth>1</lineWidth>
<points>
<point x="491" y="257"/>
<point x="491" y="169"/>
</points>
</Connector>
<Connector class="oracle.dbtools.crest.swingui.relational.TVFKRelation" oid="4F6B45B9-F19F-6B6C-E1F3-3B9A4CB5112B" otype="FKIndexAssociation" vid_source="17B952BF-7040-7EC3-5E62-06A903E66798" vid_target="C6252425-2991-AB8F-E15A-7D7D90927318">
<hideElementsInCurrentOnly>false</hideElementsInCurrentOnly>
<backgroundColor>-16777216</backgroundColor>
<lineWidth>1</lineWidth>
<points>
<point x="724" y="236"/>
<point x="724" y="169"/>
</points>
</Connector>
<Connector class="oracle.dbtools.crest.swingui.relational.TVFKRelation" oid="54736CD4-3138-85F2-E6B2-08CB70D56EED" otype="FKIndexAssociation" vid_source="30BCEBF2-2FA5-9F3D-8A2A-F3F5DBCCD073" vid_target="8368358D-5AEE-6C08-4AD6-16DA0A4E54F5">
<hideElementsInCurrentOnly>false</hideElementsInCurrentOnly>
<backgroundColor>-16777216</backgroundColor>
<lineWidth>1</lineWidth>
<points>
<point x="174" y="154"/>
<point x="159" y="232"/>
</points>
</Connector>
<Connector class="oracle.dbtools.crest.swingui.relational.TVFKRelation" oid="81074386-172E-9317-1CF2-AEE9BA5F4E06" otype="FKIndexAssociation" vid_source="A752E4E2-7B1A-A54E-2A0E-7ECD6885B825" vid_target="E39E9805-B9D2-70D0-4C51-D6CE8F76D01A">
<hideElementsInCurrentOnly>false</hideElementsInCurrentOnly>
<backgroundColor>-16777216</backgroundColor>
<lineWidth>1</lineWidth>
<points>
<point x="592" y="394"/>
<point x="436" y="402"/>
</points>
</Connector>
<Connector class="oracle.dbtools.crest.swingui.relational.TVFKRelation" oid="B5532952-2C21-5174-8BC0-35760B4397CC" otype="FKIndexAssociation" vid_source="A752E4E2-7B1A-A54E-2A0E-7ECD6885B825" vid_target="17B952BF-7040-7EC3-5E62-06A903E66798">
<hideElementsInCurrentOnly>false</hideElementsInCurrentOnly>
<backgroundColor>-16777216</backgroundColor>
<lineWidth>1</lineWidth>
<points>
<point x="592" y="318"/>
<point x="676" y="318"/>
</points>
</Connector>
</connectors>
</Diagram>