<?xml version = '1.0' encoding = 'UTF-8'?>
<relationalModel class="oracle.dbtools.crest.model.design.relational.RelationalDesign" name="Relational_1" id="25BCEEE2-D686-7348-1202-8186DED6A726" mainViewID="0C9A9D00-9BEC-41F1-1730-5ADFC4A91449">
<createdBy>Carlos</createdBy>
<createdTime>2024-08-31 21:38:13 UTC</createdTime>
<ownerDesignName>Exp2_S4_AF-Grupo11</ownerDesignName>
<shouldBeOpen>true</shouldBeOpen>
<selectedRDBMSSite>32076570-2523-435C-2E92-BF29817DFF70</selectedRDBMSSite>
</relationalModel>