<?xml version = '1.0' encoding = 'UTF-8'?>
<FKIndexAssociation class="oracle.dbtools.crest.model.design.relational.FKIndexAssociation" directorySegmentName="seg_0" id="301AD1F5-A183-B0B9-8B8F-328D52207030" containerWithKeyObject="337C69B0-96F6-F618-1356-DF8297F3BE79" localFKIndex="F29B3314-CCB8-FC7F-2ADB-800045976441" name="DOMICILIO_CLIENTE_FKv2">
<createdBy>Carlos</createdBy>
<createdTime>2024-09-15 18:06:39 UTC</createdTime>
<generatorID>9D0BA5FD-4272-DE3C-858A-BDDCBA8C8FDC</generatorID>
<ownerDesignName>Serv_Automotriz</ownerDesignName>
<referredTableLongName>CLIENTE</referredTableLongName>
<deleteRule>NO ACTION</deleteRule>
<referredTableID>3BD9B619-672D-DA3A-A6F3-7C87B28D6F02</referredTableID>
<keyObject>DEB035DE-5B80-E414-6AAB-65ABFCBB514B</keyObject>
<referredKeyID>DEB035DE-5B80-E414-6AAB-65ABFCBB514B</referredKeyID>
<mandatory>true</mandatory>
<refColNames>rut</refColNames>
<transferable>true</transferable>
<rely>false</rely>
<columnDependencyConstraintGenerateInDDL>true</columnDependencyConstraintGenerateInDDL>
</FKIndexAssociation>