<?xml version = '1.0' encoding = 'UTF-8'?>
<FKIndexAssociation class="oracle.dbtools.crest.model.design.relational.FKIndexAssociation" directorySegmentName="seg_0" id="4F6B45B9-F19F-6B6C-E1F3-3B9A4CB5112B" containerWithKeyObject="8B3B5CF5-DB27-1E76-0238-E4FE428AF9B4" localFKIndex="B899F420-621F-F8B1-49A8-A1E499DBBA5F" name="ORDEN_DE_ATENCION_VEHICULO_FK">
<createdBy>Carlos</createdBy>
<createdTime>2024-09-02 20:50:24 UTC</createdTime>
<generatorID>E165BF15-035A-C3B9-4FBD-98FC8F4BFA73</generatorID>
<ownerDesignName>Serv_Automotriz</ownerDesignName>
<referredTableLongName>VEHICULO</referredTableLongName>
<deleteRule>NO ACTION</deleteRule>
<referredTableID>FAFFC9F4-F4DC-5231-62B5-4358C65F0686</referredTableID>
<keyObject>E44B4EB5-AD94-FF13-3C23-5A1469E75851</keyObject>
<referredKeyID>E44B4EB5-AD94-FF13-3C23-5A1469E75851</referredKeyID>
<mandatory>true</mandatory>
<refColNames>id_vehiculo</refColNames>
<transferable>true</transferable>
<rely>false</rely>
<columnDependencyConstraintGenerateInDDL>true</columnDependencyConstraintGenerateInDDL>
</FKIndexAssociation>