<?xml version = '1.0' encoding = 'UTF-8'?>
<FKIndexAssociation class="oracle.dbtools.crest.model.design.relational.FKIndexAssociation" directorySegmentName="seg_0" id="81074386-172E-9317-1CF2-AEE9BA5F4E06" containerWithKeyObject="337C69B0-96F6-F618-1356-DF8297F3BE79" localFKIndex="1CC3EA44-68BD-58A3-F8E0-C7EBA1A15D58" name="DOMICILIO_CLIENTE_FK">
<createdBy>Carlos</createdBy>
<createdTime>2024-09-15 18:00:17 UTC</createdTime>
<generatorID>120CEE80-D147-253C-2C8D-59F830129E8A</generatorID>
<ownerDesignName>Serv_Automotriz</ownerDesignName>
<referredTableLongName>CLIENTE</referredTableLongName>
<deleteRule>NO ACTION</deleteRule>
<referredTableID>3BD9B619-672D-DA3A-A6F3-7C87B28D6F02</referredTableID>
<keyObject>DEB035DE-5B80-E414-6AAB-65ABFCBB514B</keyObject>
<referredKeyID>DEB035DE-5B80-E414-6AAB-65ABFCBB514B</referredKeyID>
<mandatory>true</mandatory>
<refColNames>rut</refColNames>
<transferable>true</transferable>
<rely>false</rely>
<columnDependencyConstraintGenerateInDDL>true</columnDependencyConstraintGenerateInDDL>
</FKIndexAssociation>